{
  "model": "EfficientNet-B4",
  "accuracy": 0.9472454090150251,
  "roc_auc": null,
  "best_validation_accuracy": 0.9472277889111557,
  "confusion_matrix": [
    [
      510,
      0,
      1,
      1,
      4,
      3
    ],
    [
      1,
      464,
      0,
      2,
      3,
      5
    ],
    [
      0,
      0,
      503,
      0,
      2,
      5
    ],
    [
      0,
      1,
      0,
      502,
      0,
      1
    ],
    [
      2,
      4,
      4,
      2,
      456,
      41
    ],
    [
      2,
      8,
      7,
      7,
      52,
      402
    ]
  ],
  "classification_report": {
    "Deepfakes": {
      "precision": 0.9902912621359223,
      "recall": 0.9826589595375722,
      "f1-score": 0.9864603481624759,
      "support": 519.0
    },
    "Face2Face": {
      "precision": 0.9727463312368972,
      "recall": 0.9768421052631578,
      "f1-score": 0.9747899159663865,
      "support": 475.0
    },
    "FaceShifter": {
      "precision": 0.9766990291262136,
      "recall": 0.9862745098039216,
      "f1-score": 0.9814634146341463,
      "support": 510.0
    },
    "FaceSwap": {
      "precision": 0.9766536964980544,
      "recall": 0.996031746031746,
      "f1-score": 0.9862475442043221,
      "support": 504.0
    },
    "NeuralTextures": {
      "precision": 0.8820116054158608,
      "recall": 0.8958742632612967,
      "f1-score": 0.8888888888888888,
      "support": 509.0
    },
    "Original": {
      "precision": 0.8796498905908097,
      "recall": 0.8410041841004184,
      "f1-score": 0.8598930481283422,
      "support": 478.0
    },
    "accuracy": 0.9472454090150251,
    "macro avg": {
      "precision": 0.9463419691672931,
      "recall": 0.9464476279996855,
      "f1-score": 0.9462905266640936,
      "support": 2995.0
    },
    "weighted avg": {
      "precision": 0.946838796372133,
      "recall": 0.9472454090150251,
      "f1-score": 0.9469404193564419,
      "support": 2995.0
    }
  }
}