{
  "EfficientNet-B4": {
    "accuracy": 0.9429048414023372,
    "precision": 0.9430612148118486,
    "recall": 0.9429048414023372,
    "f1": 0.9428797592314135,
    "roc_auc": null
  },
  "Xception": {
    "accuracy": 0.986644407345576,
    "precision": 0.986838275379393,
    "recall": 0.986644407345576,
    "f1": 0.9866843867464834,
    "roc_auc": null
  }
}